{"Display":[{"ComponentID":48,"ComponentKey":"921858117","Settings":[]},{"ComponentID":151,"ComponentKey":"921858117","Settings":[{"Name":"Radeon IntegerScaling","Value":0}]},{"ComponentID":34,"ComponentKey":"921858117","Settings":[{"Name":"Virtual Super Resolution","Value":0}]},{"ComponentID":36,"ComponentKey":"921858117","Settings":[{"Name":"Radeon FreeSync","Value":1}]},{"ComponentID":78,"ComponentKey":"921858117","Settings":[{"ID":8,"Name":"HDCP Support","Value":1}]},{"ComponentID":38,"ComponentKey":"921858117","Settings":[{"ID":9,"Name":"GPU Scaling","Value":0},{"ID":11,"Name":"Scaling Mode","Value":0}]},{"ComponentID":50,"ComponentKey":"921858117","Settings":[{"ID":1,"Name":"Pixel Format","Value":"RGB 4:4:4 Pixel Format PC Standard (Full RGB)"},{"ID":0,"Name":"Color Depth","Value":"8 bpc"}]},{"ComponentID":64,"ComponentKey":"921858117","Settings":[{"ID":0,"Name":"Hue","Value":0},{"ID":1,"Name":"Saturation","Value":100},{"ID":2,"Name":"Brightness","Value":0},{"ID":3,"Name":"Contrast","Value":100},{"ID":4,"Name":"Color Temperature","State":0,"Value":6500}]},{"ComponentID":53,"ComponentKey":"921858117","Settings":[{"ID":6,"Name":"Adjust PreEmphasis","Value":0},{"ID":7,"Name":"Adjust Voltage Swing","Value":0}]}],"Global Settings":[{"ComponentID":4,"ComponentKey":"2CFDA1714F26","Settings":[]},{"ComponentID":7,"ComponentKey":"687FC1E37F1DA2C1016.001.001.000","Settings":[{"Name":"AntiAliasSamples","Value":"0"},{"Name":"EnableTripleBuffering","Value":"0"},{"Name":"VSyncControl","Value":"1"},{"Name":"Tessellation_OPTION","Value":"0"},{"Name":"MVPU","Value":""},{"Name":"Tessellation","Value":"64"},{"Name":"MLF","Value":"0"},{"Name":"ShaderCache","Value":"1"},{"Name":"ASD","Value":"-1"},{"Name":"TFQ","Value":"1"},{"Name":"AntiAlias","Value":"1"},{"Name":"ASTT","Value":"0"},{"Name":"AnisoType","Value":"0"},{"Name":"SurfaceFormatReplacements","Value":"1"},{"Name":"ASE","Value":"0"},{"Name":"AnisoDegree","Value":"0"},{"Name":"EQAA","Value":"0"},{"Name":"TurboSync","Value":"1"},{"ID":0,"Name":"Radeon™ Anti-Lag","Value":0},{"ID":1,"Name":"Radeon™ Chill","SubSettings":[{"Name":"Toggle","Value":"1"},{"Name":"Min FPS","Value":"136"},{"Name":"Max FPS","Value":"137"}],"Value":""},{"ID":2,"Name":"Radeon™ Boost","State":0,"Value":50},{"ID":3,"Name":"Radeon™ Image Sharpening","State":1,"Value":80}]}],"Global Wattman":[{"ComponentID":5,"ComponentKey":"687FC1E37F1DA2C1016.001.001.000","Settings":[{"ID":12,"Name":"VOLTAGE_GPUCLOCK_ABS","State":1,"SubSettings":[{"Name":"0","Value":"800"},{"Name":"1","Value":"925"},{"Name":"2","Value":"975"},{"Name":"3","Value":"1025"},{"Name":"4","Value":"1025"},{"Name":"5","Value":"1025"},{"Name":"6","Value":"1030"},{"Name":"7","Value":"1075"}],"Value":""},{"ID":4,"Name":"GPU_CLOCK_ABS","State":0,"SubSettings":[{"Name":"0","Value":"852"},{"Name":"1","Value":"991"},{"Name":"2","Value":"1084"},{"Name":"3","Value":"1138"},{"Name":"4","Value":"1200"},{"Name":"5","Value":"1401"},{"Name":"6","Value":"1557"},{"Name":"7","Value":"1622"}],"Value":""},{"ID":13,"Name":"VOLTAGE_MEMORYCLOCK_ABS","State":1,"SubSettings":[{"Name":"0","Value":"800"},{"Name":"1","Value":"800"},{"Name":"2","Value":"950"},{"Name":"3","Value":"1020"},{"Name":"4","Value":"0"},{"Name":"5","Value":"0"},{"Name":"6","Value":"0"},{"Name":"7","Value":"0"}],"Value":""},{"ID":5,"Name":"MEMORY_CLOCK_ABS","State":0,"SubSettings":[{"Name":"0","Value":"167"},{"Name":"1","Value":"500"},{"Name":"2","Value":"800"},{"Name":"3","Value":"1020"},{"Name":"4","Value":"0"},{"Name":"5","Value":"0"},{"Name":"6","Value":"0"},{"Name":"7","Value":"0"}],"Value":""},{"ID":17,"Name":"MEMORY_TIMING","State":0,"SubSettings":[{"Name":"0","Value":"0"}],"Value":""},{"ID":8,"Name":"GPU_TEMPERATURE_ABS","State":0,"SubSettings":[{"Name":"0","Value":"0"},{"Name":"1","Value":"0"},{"Name":"2","Value":"50"}],"Value":""},{"ID":18,"Name":"ZERO_RPM","State":1,"SubSettings":[{"Name":"0","Value":"0"}],"Value":""},{"ID":19,"Name":"FAN_AUTO_UV_ENGINE","State":0,"SubSettings":[{"Name":"0","Value":"0"}],"Value":""},{"ID":20,"Name":"AUTO_OC_ENGINE","State":0,"SubSettings":[{"Name":"0","Value":"0"}],"Value":""},{"ID":21,"Name":"AUTO_OC_MEMORY","State":0,"SubSettings":[{"Name":"0","Value":"0"}],"Value":""},{"ID":25,"Name":"ASIC_POWER_ABS","State":0,"SubSettings":[{"Name":"0","Value":"0"}],"Value":""},{"ID":22,"Name":"FAN_CURVE","State":1,"SubSettings":[{"Name":"0","Value":"30"},{"Name":"1","Value":"30"},{"Name":"2","Value":"49"},{"Name":"3","Value":"48"},{"Name":"4","Value":"55"},{"Name":"5","Value":"64"},{"Name":"6","Value":"61"},{"Name":"7","Value":"80"},{"Name":"8","Value":"69"},{"Name":"9","Value":"100"}],"Value":""},{"ID":1,"Name":"GPU_ACTIVILITY_PERCENTAGE","State":0,"SubSettings":[{"Name":"0","Value":"0"}],"Value":""},{"ID":16,"Name":"PERF_TUNING_FEATURE","Value":3}]}],"Hotkey Settings":[{"ComponentID":109,"ComponentKey":"2CFDA1714F26","Settings":[{"ID":0,"Name":"Toggle Streaming","Value":"Ctrl+Shift,G"},{"ID":1,"Name":"Toggle Region Streaming","Value":"None"},{"ID":2,"Name":"Open Sidebar","Value":"Alt,Z"},{"ID":3,"Name":"Toggle Recording","Value":"Ctrl+Shift,R"},{"ID":4,"Name":"Save Instant Replay","Value":"Ctrl+Shift,S"},{"ID":5,"Name":"Take Screenshot","Value":"Ctrl+Shift,E"},{"ID":6,"Name":"Toggle Microphone","Value":"Ctrl+Shift,M"},{"ID":7,"Name":"Toggle Camera","Value":"Ctrl+Shift,C"},{"ID":8,"Name":"Toggle Region Recording","Value":"None"},{"ID":9,"Name":"Save Instant GIF","Value":"Ctrl+Shift,J"},{"ID":10,"Name":"Save In-Game Replay","Value":"Ctrl+Shift,U"},{"ID":11,"Name":"Push To Talk","Value":"MOUSE_MIDDLE"},{"ID":12,"Name":"Open Fullscreen","Value":"Alt,R"},{"ID":13,"Name":"Toggle Performance Logging","Value":"Ctrl+Shift,L"},{"ID":14,"Name":"Toggle Performance Overlay","Value":"Ctrl+Shift,O"},{"ID":15,"Name":"Toggle Radeon™ Chill","Value":"122"},{"ID":16,"Name":"Toggle Radeon™ Anti-Lag","Value":"4684"},{"ID":17,"Name":"Toggle Radeon™ Boost","Value":"4683"},{"ID":18,"Name":"Switch to Scene 1","Value":"None"}]}],"Performance Settings":[{"ComponentID":106,"ComponentKey":"2CFDA1714F26","Settings":[{"ID":3,"Name":"Performance Logging Location","Value":"C:\\Users\\bhabib\\AppData\\Local\\AMD\\CN"},{"ID":4,"Name":"Sampling Interval","Value":100},{"ID":8,"Name":"FPS","Value":1},{"ID":16,"Name":"CPU UTIL","Value":1},{"ID":17,"Name":"RAM UTIL","Value":1},{"ID":5,"Name":"Hide Metrics Overlay During Logging","Value":1},{"ID":6,"Name":"Show In Video/Stream Output","Value":0},{"ID":1,"Name":"Show Metrics Overlay","State":1,"Value":""},{"ID":19,"Name":"Location","Value":1},{"ID":21,"Name":"Position","Value":"40,40"},{"ID":20,"Name":"Transparency","Value":70},{"ID":23,"Name":"Size","Value":2},{"ID":24,"Name":"Columns","Value":1},{"ID":25,"Name":"Text Color","Value":0},{"ID":26,"Name":"Custom Text Color","Value":"#F8FFFF"}]},{"ComponentID":106,"ComponentKey":"687FC1E37F1DA2C1016.001.001.000","Settings":[{"ID":9,"Name":"GPU UTIL","Value":1},{"ID":10,"Name":"GPU SCLK","Value":1},{"ID":11,"Name":"GPU MCLK","Value":1},{"ID":12,"Name":"GPU TEMP","Value":1},{"ID":13,"Name":"GPU PWR","Value":1},{"ID":14,"Name":"GPU FAN","Value":1},{"ID":15,"Name":"GPU VRAM","Value":1}]}],"Preferences Settings":[{"ComponentID":61,"ComponentKey":"2CFDA1714F26","Settings":[{"ID":2,"Name":"System Tray Menu","State":1,"Value":""},{"ID":0,"Name":"In-Game Overlay","State":1,"Value":""},{"ID":1,"Name":"Upgrade Advisor","State":1,"Value":""},{"ID":4,"Name":"Advertisements","State":1,"Value":""},{"ID":8,"Name":"Toast Notifications","State":1,"Value":""},{"ID":6,"Name":"Always On Top","State":0,"Value":""},{"ID":5,"Name":"Language","State":0,"Value":""},{"ID":7,"Name":"Sidebar Position","State":0,"Value":""},{"ID":10,"Name":"Animation & Effects","State":1,"Value":""}]}],"ReLive Settings":[{"ComponentID":63,"ComponentKey":"2CFDA1714F26","Settings":[]},{"ComponentID":51,"ComponentKey":"2CFDA1714F26","Settings":[{"ID":0,"Name":"ReLive Toggle","State":1,"Value":""},{"ID":1,"Name":"Media save location","Value":"D:\\Users\\Bilal\\Recordings"},{"ID":5,"Name":"Instant GIF","State":0,"Value":""},{"ID":6,"Name":"Instant GIF Duration","Value":15},{"ID":7,"Name":"Instant GIF Quality","Value":"Medium"},{"ID":8,"Name":"In-Game Replay","State":0,"Value":""},{"ID":9,"Name":"In-Game Replay Duration","Value":15},{"ID":13,"Name":"In-Game Replay Location","Value":"40,40"},{"ID":12,"Name":"In-Game Replay Position","Value":"Centered"},{"ID":11,"Name":"In-Game Replay Dimensions","Value":"1280,720"},{"ID":10,"Name":"In-Game Replay Size","Value":"Medium"},{"ID":2,"Name":"Instant Replay","State":0,"Value":""},{"ID":3,"Name":"Instant Replay Duration","Value":60},{"ID":4,"Name":"Instant Replay Buffer","State":0,"Value":""},{"ID":14,"Name":"Streaming Profile","Value":"Custom"},{"ID":15,"Name":"Streaming Resolution","Value":"720"},{"ID":16,"Name":"Video Bit Rate","Value":1000},{"ID":17,"Name":"Streaming FPS","Value":60},{"ID":18,"Name":"Audio Bit Rate","Value":128},{"ID":19,"Name":"Archive Stream","State":0,"Value":""},{"ID":20,"Name":"Record Desktop","State":1,"Value":""},{"ID":21,"Name":"Borderless Region Capture","State":1,"Value":""},{"ID":22,"Name":"Record Microphone","State":0,"Value":""},{"ID":23,"Name":"Microphone Level","Value":50},{"ID":24,"Name":"Push To Talk","State":0,"Value":""},{"ID":25,"Name":"Audio Boost","Value":100},{"ID":26,"Name":"Recording Profile","Value":"Custom"},{"ID":27,"Name":"Recording Resolution","Value":"1440"},{"ID":28,"Name":"Recording Video Bit Rate","Value":24000},{"ID":29,"Name":"Recording FPS","Value":60},{"ID":30,"Name":"Recording Audio Bit Rate","Value":320},{"ID":31,"Name":"Video Encoding Type","Value":"HEVC"},{"ID":32,"Name":"Audio Channels","Value":0},{"ID":33,"Name":"Separate Microphone Track","State":0,"Value":""}]}],"Scene Settings":[{"ComponentID":154,"ComponentKey":"2CFDA1714F26","Priority":0,"Settings":[{"ID":0,"Name":"SceneName","Value":"Scene 1"},{"ID":1,"Name":"SceneRect","Value":"1920,1080"},{"ID":2,"Name":"Indicator","SubSettings":[{"Name":"IndicatorPosition","Value":"0"},{"Name":"IndicatorTimer","Value":"0"}],"Value":""},{"ID":3,"Name":"Camera","SubSettings":[{"Name":"CameraEnable","Value":"1"},{"Name":"CameraSize","Value":"1"},{"Name":"CameraChromaEnable","Value":"0"},{"Name":"CameraChromaStrength","Value":"0"},{"Name":"CameraChromaKeyColor","Value":"00FF00"},{"Name":"CameraOpacity","Value":"100"},{"Name":"CameraOnScreen","Value":"1"},{"Name":"CameraRect","Value":"320,240"},{"Name":"CameraPosition","Value":"40,40"},{"Name":"CameraAnchor","Value":"3"},{"Name":"CameraChromaColor","Value":"3"}],"Value":""},{"ID":4,"Name":"Chat Overlay","SubSettings":[{"Name":"ChatEnabled","Value":"0"},{"Name":"ChatSize","Value":"300,300"},{"Name":"ChatPosition","Value":"0,0"},{"Name":"ChatFont","Value":"1"}],"Value":""}]}],"SystemDetails":{"CNVerson":"19.50","DisplayIDs":[{"Index":0,"Key":"921858117"},{"Index":11,"Key":"141989"}],"GPUIDs":[{"Index":768,"Key":"687FC1E37F1DA2C1016.001.001.000"}],"GUID":"2CFDA1714F26"},"Video Settings":[{"ComponentID":6,"ComponentKey":"687FC1E37F1DA2C1016.001.001.000","Settings":[{"ID":2,"Name":"Video Color Vibrance","Value":0},{"ID":3,"Name":"Video Sharpness","Value":0},{"ID":4,"Name":"Custom Brightness","Value":0},{"ID":5,"Name":"AMD Steady Video","State":0,"Value":""},{"ID":6,"Name":"AMD Fluid Motion Video","State":0,"Value":""},{"ID":7,"Name":"Demo Mode","State":0,"Value":""},{"ID":1,"Name":"Video Profile","Value":0}]}],"Wizard Profile Settings":[{"ComponentID":159,"ComponentKey":"2CFDA1714F26","Settings":[{"ID":0,"Name":"Wizard Profile","Value":3}]}]}